{"cameraMode":{"drawMode":0,"name":"Shaded","section":"Shading Mode"},"sceneLighting":false,"audioPlay":false,"sceneViewState":{"m_AlwaysRefresh":false,"showFog":true,"showSkybox":false,"showFlares":true,"showImageEffects":true,"showParticleSystems":true,"showVisualEffectGraphs":true,"m_FxEnabled":true},"in2DMode":false,"pivot":{"x":7.152557373046875e-7,"y":0.864382266998291,"z":-0.017851680517196657},"rotation":{"x":0.0027148746885359289,"y":0.9916182160377502,"z":-0.12743301689624787,"w":0.021125471219420434},"size":1.4370375871658326,"orthographic":false}