{"cameraMode":{"drawMode":0,"name":"Shaded","section":"Shading Mode"},"sceneLighting":true,"audioPlay":false,"sceneViewState":{"m_AlwaysRefresh":false,"showFog":true,"showSkybox":true,"showFlares":true,"showImageEffects":true,"showParticleSystems":true,"showVisualEffectGraphs":true,"m_FxEnabled":true},"in2DMode":false,"pivot":{"x":-14.389176368713379,"y":-3.5099985599517824,"z":6.701183319091797},"rotation":{"x":-0.030311940237879754,"y":0.6476038694381714,"z":-0.02579130418598652,"w":-0.7609561681747437},"size":23.46814727783203,"orthographic":false}