{"cameraMode":{"drawMode":0,"name":"Shaded","section":"Shading Mode"},"sceneLighting":false,"audioPlay":false,"sceneViewState":{"m_AlwaysRefresh":false,"showFog":true,"showSkybox":false,"showFlares":true,"showImageEffects":true,"showParticleSystems":true,"showVisualEffectGraphs":true,"m_FxEnabled":true},"in2DMode":false,"pivot":{"x":0.793817400932312,"y":2.226569890975952,"z":1.811160922050476},"rotation":{"x":0.0027148746885359289,"y":0.9916182160377502,"z":-0.12743301689624787,"w":0.021125471219420434},"size":1.5739521980285645,"orthographic":false}