{"cameraMode":{"drawMode":0,"name":"Shaded","section":"Shading Mode"},"sceneLighting":false,"audioPlay":false,"sceneViewState":{"m_AlwaysRefresh":false,"showFog":true,"showSkybox":false,"showFlares":true,"showImageEffects":true,"showParticleSystems":true,"showVisualEffectGraphs":true,"m_FxEnabled":true},"in2DMode":false,"pivot":{"x":2.1721928119659426,"y":1.0253217220306397,"z":-0.9846886992454529},"rotation":{"x":-0.007827894762158394,"y":0.8569533824920654,"z":0.013018066063523293,"w":0.5151989459991455},"size":1.8906015157699586,"orthographic":false}