{"cameraMode":{"drawMode":0,"name":"Shaded","section":"Shading Mode"},"sceneLighting":false,"audioPlay":false,"sceneViewState":{"m_AlwaysRefresh":false,"showFog":true,"showSkybox":false,"showFlares":true,"showImageEffects":true,"showParticleSystems":true,"showVisualEffectGraphs":true,"m_FxEnabled":true},"in2DMode":false,"pivot":{"x":2.050363063812256,"y":-0.011148404330015183,"z":0.24553832411766053},"rotation":{"x":0.0007247484754770994,"y":0.9977871775627136,"z":0.007971256971359253,"w":-0.07214371860027313},"size":0.9191364645957947,"orthographic":false}